<?xml version="1.0" encoding="UTF-8"?>
<!DOCTYPE suite SYSTEM "https://testng.org/testng-1.0.dtd">
<suite name="Suite">
  <test thread-count="5" name="Test">
  <groups>
	  <run>
	  	<include name = "Shuchita"/>
	  </run>
   </groups>
   <classes>
      <class name="TestNG.Lecture18_1"/>
      <class name="TestNG.Lecture18_2">
      	<methods>
			<include name="Demo3"></include>
		</methods>
      </class>
    </classes>
  </test>
  
  <test name ="Loan login">
  <classes>
	<class name="TestNG.Lecture18_3">
		<methods>
			<exclude name = "MobileLogin"></exclude>
		</methods>
	</class>
</classes>
  </test> <!-- Test -->
</suite> <!-- Suite -->
