<?xml version="1.0" encoding="UTF-8"?>
<!DOCTYPE suite SYSTEM "https://testng.org/testng-1.0.dtd">
<suite name="Suite">

  <test thread-count="2" name="Introduction">
  <parameter name="URL" value ="www.google.com"/>
    <classes>
      <class name="TestNG.Lecture18_1"/>
      <class name="TestNG.Lecture18_2">
      	<methods>
			<include name="Demo3"></include>
		</methods>
      </class>
      <class name="TestNG.Lecture18_4"/>
    </classes>
  </test>
  
  <test name ="Loan login">
  <parameter name="URL" value="www.facebook.com"/>
  <parameter name="NewURL/newvalue" value ="12345"/>
  <classes>
	<class name="TestNG.Lecture18_3">
		<methods>
			<exclude name = "MobileLogin"></exclude>
		</methods>
	</class>
</classes>
  </test> <!-- Test -->
</suite> <!-- Suite -->
